dataset,dataset_dir,git_commit,git_is_dirty,configured_random_seed,configured_chemprop_seed,configured_maplight_parity_seeds,split_strategy,split_train_hash,split_test_hash,n_train,n_test,has_metrics_csv,sha256_metrics_csv,bytes_metrics_csv,has_predictions_csv,sha256_predictions_csv,bytes_predictions_csv,has_selected_features_csv,sha256_selected_features_csv,bytes_selected_features_csv,has_selector_coefficients_csv,sha256_selector_coefficients_csv,bytes_selector_coefficients_csv,has_run_status_json,sha256_run_status_json,bytes_run_status_json,has_step_runtime_csv,sha256_step_runtime_csv,bytes_step_runtime_csv,required_dataset_artifacts_present,required_dataset_artifacts_total,required_dataset_artifact_fraction
chemml_cep_homo,C:/Users/Scott.Coffin/OneDrive - California OEHHA/R_new/AutoQSAR/benchmark_results/all_benchmarks_no_unimol_20260425_223505/chemml_cep_homo,b06baf5ef2ebdd2a4c6bc76824103dfbd35be861,True,13,42,"1,2,3,4,5",target_quartiles,7bca3443e9455134a9e500ae47d65ef8a9258d17fc844fa0ca8278454c86f49e,2cf9245678766eb17714604f0f4651d32bd496fde0b2055f9fb27027bad3698d,400.0,100.0,True,e04a6232c08c75528283bf7a88ed76e07ef94908dea8204acad52ac81bcf8807,36106,True,a90dcc0367102ef25a58ef62f5baa3c7476db3bfdd07ae4e996920e76e1255cd,1328935,True,1a2325b2f5664359ec908c8c32f95626b2c7a07cc04e0f2c4001b0d2bc9cdf06,6025,True,0525eed288abdf77ff06ca78e5568958361d717ae6461e6d32b1954f3353e5cc,186011,True,64f2460642243538ba752c567ab89fe53d542d00b28cf1ac4c6cc3862d6da7c9,235,True,5bd48194623a1679af1a9793d23aa3d926ff8f6b926379a05d3f376ab238a8ad,4452,6,6,1.0
chemml_organic_density,C:/Users/Scott.Coffin/OneDrive - California OEHHA/R_new/AutoQSAR/benchmark_results/all_benchmarks_no_unimol_20260425_223505/chemml_organic_density,b06baf5ef2ebdd2a4c6bc76824103dfbd35be861,True,13,42,"1,2,3,4,5",target_quartiles,3a2203cf8e9934f0de0a2d6aca47be30df6b0507780a18d783169cae078b55c5,e6718ea91d5848923d4910c905793d1e3e7d3ae27315e6e037e70900ed03b3fb,400.0,100.0,True,c728980d4e62e0749c518cf766b9c787d3efeb22b4e2af68701b36ec4d441bdc,36614,True,14b44b4d726142ae4e151c6acb200e5df9e839cd18a1c9166bc2e8ae1c3e453a,1391952,True,90db7e9c311d72cc8f573bf54bc50695582e88d36e310546e401b73d0f22a82a,4467,True,da2c49f3482ad3e417d56aaa5028ccee714d9c183d7be57d390423fab483a91d,203256,True,825fe13239e0027ed53d796980c57579125daf559396564e280a9eba7eb1f331,250,True,e076bb7b9be7aedab92803f2ee6838de1c876ac349c6ee4ac69d4b735e53a12f,4626,6,6,1.0
esol_delaney,C:/Users/Scott.Coffin/OneDrive - California OEHHA/R_new/AutoQSAR/benchmark_results/all_benchmarks_no_unimol_20260425_223505/esol_delaney,b06baf5ef2ebdd2a4c6bc76824103dfbd35be861,True,13,42,"1,2,3,4,5",scaffold,6f01da23b222c7d7cd5476ad9b5cb52d01f6d1626756e4372318d3d350a24c42,9ee48128aa2c8388f7a9825139781be3d4fde955fb02d60819122a8a862187a4,874.0,254.0,True,4976bd39c50cc39eab183a8ba54c739812804fce8adabecbc483278c744abd22,47053,True,574a3066063aa5904ba4ed03049cb1f9ee02b5329b56117e78e8c127288e1ce7,2087442,True,80670272430de20b26e31745207f17217486da85521d60424810e150fda3887e,9643,True,8469a3dd59e8144b6da780009da7bd370d560f920af556a3e58bc16a9d97c7fc,236693,True,d7c949f224c1573311a209460cdb4b6c6c29faf742e8d502976af84ee74b6028,246,True,c0e561fca906d8c612b91b7487e3bd0af8f7ab09e2bb475f1c006671e86c9853,4411,6,6,1.0
freesolv_sampl,C:/Users/Scott.Coffin/OneDrive - California OEHHA/R_new/AutoQSAR/benchmark_results/all_benchmarks_no_unimol_20260425_223505/freesolv_sampl,b06baf5ef2ebdd2a4c6bc76824103dfbd35be861,True,13,42,"1,2,3,4,5",random,1a4d3541a62887d29772b7142a7571b65d0c668794fde32f796461c6466175bf,751e782db79be4730236c0e1232d599506645e8018bd2dccb65e53e110f43bcf,513.0,129.0,True,2a0f93dfd48d7bb3eeae49e033b7eacf1cf206c2a4c907b67070e2c324c5c536,36964,True,275057d272c3f9bf8231c30f26ee99a5427c64bfb330cbf2676842e5a3a0eb00,1263870,True,a7c6c15f16e8fe3446bc6d585f9f9c3d84a4124ecd507d7ba3be0561d6085349,8411,True,f076f8a726cc0b455099eb2d355d19cc95f90c58c7556619cba96e47ce83358d,175529,True,828262081e423d0acb72f181a8aede5ba056accb8e9c08a2675b2e820ee23c30,250,True,66092efd0a10ffef6320f7e9128d6e3f4fa399a0a36cf0bbe64362ae672e3eb2,4447,6,6,1.0
lipophilicity,C:/Users/Scott.Coffin/OneDrive - California OEHHA/R_new/AutoQSAR/benchmark_results/all_benchmarks_no_unimol_20260425_223505/lipophilicity,b06baf5ef2ebdd2a4c6bc76824103dfbd35be861,True,13,42,"1,2,3,4,5",scaffold,1c9600e79ad39c5f75209604a7171b2bd6a9c7fc733939551ee0005db1fdb2c2,26aaf8bb369bd22baa01dd6ed101857bdecaacd32b2d1b53140da4a542abc86b,3357.0,843.0,True,89fb2824aaa7f8e29603de9e71a232d7a59c5ab968b2186f33672abe6c6535bb,42759,True,6644890de41a431b0d0203dca1a7125937a884b331d9729ce45580d0b2c262ee,10306645,True,48687a44952790d70b15226a27f2cfcf19d9b4569864269f117e61121d76eef5,9358,True,9863fbe67a6bcf695602d9f2434a33069535867f6e488758f6ee02d36fcc7479,270603,True,41f75cb69a194b0ef59f6b1542b47c86b8b9ca1d3823dbae72f527c4a5ce20ba,247,True,38ae558631b0153bf87f5f03b4d8d69f41e740e35057cc14e7b38fd07c29e89e,4246,6,6,1.0
poduam_pod_nc_std,C:/Users/Scott.Coffin/OneDrive - California OEHHA/R_new/AutoQSAR/benchmark_results/all_benchmarks_no_unimol_20260425_223505/poduam_pod_nc_std,b06baf5ef2ebdd2a4c6bc76824103dfbd35be861,True,13,42,"1,2,3,4,5",target_quartiles,9d583a348e68e5eb6f8758c9ee58e1fba3f422444d608a398f25896926e5e647,0e14d87142390e9c66b8902d81dc53edbe48383f564d1c4b6c0f42068438f2b5,1473.0,369.0,True,e48014a2cd0a7d7b41347e0a9975bbf046d712f12f090c1f1962f93faea32add,47933,True,53ac36590165e356529ebc66bd97f3c25590d695b1f3d8ebcf74e0369b8b6f2e,4037886,True,07a0240348586a08ae3078a5d03182f835e04045868162293140710c3d58de00,6464,True,1fe8e71dd9c70e54d253b73fe74c2ff3323df3d67f0a5d098c29dc72b336d17a,257882,True,49dee3068f40561c1e7840339fefd619e8cf7c7ad0654b427d221ad3bb90ed34,301,True,2c3d5e9fc9fc6ec19f96174b6413e7a176789f1fba65b7c25da1673e7ff7121b,4382,6,6,1.0
poduam_pod_rd_std,C:/Users/Scott.Coffin/OneDrive - California OEHHA/R_new/AutoQSAR/benchmark_results/all_benchmarks_no_unimol_20260425_223505/poduam_pod_rd_std,b06baf5ef2ebdd2a4c6bc76824103dfbd35be861,True,13,42,"1,2,3,4,5",target_quartiles,ab369ddebf9ec5b0caf99728d370fe5b63c08ca47dd9c8d0d524f2c3ef9f9067,d7bdd743de243e744443452ffc332473e683901c242abf29b1e100c76ea696fa,1884.0,471.0,True,305eeb1f6bccb939bceb71c8445c6dfb777c9dda9c27d79934ef2f17195ff14f,48785,True,c6ecf1acb45c82c6290337733d15b59a9a51c5b67d0fd06f2830a61a9ba93f20,5220894,True,abaee731ec5e5b1c563db7b66e8104f75c661446b7fbbc18ae7a55b502475b20,9604,True,1044b3ee7985751acddd97e90061034be898bf66a93dbd1e07ce22b27dfcb164,268808,True,f0ebe7d9892c466d993d6e6b8d166451903bb95e24b820e9bb35a582807fff9c,317,True,6deb6f29f41e1588d2b977cafbd9ae614b183939d5c5e4dd1662e488a8e853c3,4394,6,6,1.0
polaris_adme_fang_hppb_1,C:/Users/Scott.Coffin/OneDrive - California OEHHA/R_new/AutoQSAR/benchmark_results/all_benchmarks_no_unimol_20260425_223505/polaris_adme_fang_hppb_1,b06baf5ef2ebdd2a4c6bc76824103dfbd35be861,True,13,42,"1,2,3,4,5",predefined,40484d6673195f8d2fda68d20af4f3531c3597678494cf9d1b99762e1b658319,66dc633f35cdc8f4287a582e07b4fab1e1979e18c548df36ac9b9a4aeb646702,1446.0,362.0,True,5ee64344cefed4a9d75ee8e8e55d4140b0c8ec4a43d73130356e252a626f2fd9,70279,True,a505fe0fb83afa5b1f847b11056a023f752726c80da054ba6a9dd221aa7695bd,4656443,True,80d855a5a18588c0759acb3c02a470019635b8edad8c9051bc5f96579e035ec3,9460,True,3a7147ac21e7004a0d97b98452d49167444efe588074970f2d5481ec775e1289,256377,True,323b0dd8ee60b9cf6d400dc482667c1c724edfdccc7c1d9c3a255d2584c8cfd5,260,True,edfa0c3e803e5bbc7675b16f5bc6453b8bf280b7351be317a77e7dc3501f78e1,4478,6,6,1.0
polaris_adme_fang_perm_1,C:/Users/Scott.Coffin/OneDrive - California OEHHA/R_new/AutoQSAR/benchmark_results/all_benchmarks_no_unimol_20260425_223505/polaris_adme_fang_perm_1,b06baf5ef2ebdd2a4c6bc76824103dfbd35be861,True,13,42,"1,2,3,4,5",predefined,f23c02546e879de2b690e822ca8e7d9784b0e69103c2da4676f9e1f62f4cac2e,3ba0ff6ed8e4af670d029a7f058511621c8f85055a78c1c7cecdd9a37424a70a,2113.0,529.0,True,ba47749057c66f4abea09b8c96c68b76daed987cb6888cddbc7498f254b7315e,65467,True,37f4c0e7fc9041e56b74d7857242d2c37e66f39751810a5897c4e85333803734,6892278,True,49856390d4de6c097f97aee8e89f34c9e0e83019cbd912b5391b38f5ae663d00,9415,True,36af2a1cfd98de7414a362657e7fa289da767f562adeb8a39c185dcb8c38d22a,255395,True,6b3a1ce04e26cf0cdb967c044c34b4c6f8ce2a6a54f9b5037ec39adbf8af50db,260,True,111dc762ea99c5a3f445bf1d436d1a28824de0d97fca3c3de7c75405ebf0550f,4473,6,6,1.0
polaris_adme_fang_rclint_1,C:/Users/Scott.Coffin/OneDrive - California OEHHA/R_new/AutoQSAR/benchmark_results/all_benchmarks_no_unimol_20260425_223505/polaris_adme_fang_rclint_1,b06baf5ef2ebdd2a4c6bc76824103dfbd35be861,True,13,42,"1,2,3,4,5",predefined,c1f606248434d901ce9795dcc1d798999d72a2f5087468424bdab4e3d63dd52d,a5d43bd96e3b17263757ea33b18ec349714c42ed3cc771dee03758bf1b33466e,2443.0,611.0,True,338e1d3c56e5c27d88eadfae0344b2acc4a5504e3ea2b4195e034fd78ba5ee6c,71237,True,10629261e721f6b0aab7afbc9db6b7de8e30e41f3cf2e94c3433a546b2550f25,6998798,True,13194c677ecb8b9bcda69f1fdd69ffcb82afa120fa613ce3fbb34397b839d5aa,9649,True,4cd7a03c2b19560a8ca23e00936c2c325888e447b64cf0c8d450d44758f95210,258037,True,791b26571f7754054a3d4bf637a88b385aac42dcff66f12ea78c2e140bcbefbc,264,True,16379e9cf78c6fd1668aac51af1e79562ef8b27d547318d3532cb2681a9a8ec1,4526,6,6,1.0
polaris_adme_fang_rppb_1,C:/Users/Scott.Coffin/OneDrive - California OEHHA/R_new/AutoQSAR/benchmark_results/all_benchmarks_no_unimol_20260425_223505/polaris_adme_fang_rppb_1,b06baf5ef2ebdd2a4c6bc76824103dfbd35be861,True,13,42,"1,2,3,4,5",predefined,ae4bc1e9cbf4bcb42b90d3918f46fc2204cce1c855bdabf5123f94462c2457e7,5b6e0686a4ba6e5084f43967bb4264892c24fc294700faa69ba987a44a47b402,708.0,177.0,True,60884d7cae0d2906218d11a65bd275a768bad7cc68a7d2ea2bddb589380b09fd,70261,True,2cdc60700f14d9c4b4bacdf02d2db44851c8d3df7ab250ecf009e6319e6f7f3e,2406317,True,4aff0fff13ebf3622bc9d230424bdcc75f2d29d04543ca1ad81d23637695e1a3,4189,True,ccb03ee701d5d4796c456b613e389bdac436c26a6b8f442013f6499cbdcc4809,242748,True,26d1457955d1ee80e16b10b1bb84e92f9fe8d3bf507b6af9c3bf99ef0e9afd44,259,True,88eea53905b86daeb916dbe93194496d144e1ac7f6211f455bfb92a1e5455f8e,4670,6,6,1.0
polaris_adme_fang_solu_1,C:/Users/Scott.Coffin/OneDrive - California OEHHA/R_new/AutoQSAR/benchmark_results/all_benchmarks_no_unimol_20260425_223505/polaris_adme_fang_solu_1,b06baf5ef2ebdd2a4c6bc76824103dfbd35be861,True,13,42,"1,2,3,4,5",predefined,65f12df6b9e2a7abe204db5cff958f2c01aedc49ad9158bd3762c5a12a374454,5d717152f002212ed3406ed747d093a08f52e348ad0efdf0594ac3996dbd6c65,1738.0,435.0,True,d0a2deeeb1f635cbbaa33bb9da6504462bcc266626447ff07d1e856dc22fc997,68477,True,554c380e1d609c0539898741f5f696286796dd9682470160c820da50bbe1e351,4919406,True,eaaa61642e2f0f47d0f706bfb59d068c0d68763cd3a0d0642210c853eeb03cbe,4141,True,5f11afb477e30c508b538ec3576aff9693198c9eb384e5232283393c28ac2409,238962,True,db2081a913c33d2ee16093aeb036a92a529f5709573b99d6066dbfe258655ab8,260,True,839b674cf43123818a4bd860639889ff40f0850a8cde46ddcc85976d1da0b7d0,4475,6,6,1.0
tdc_ames,C:/Users/Scott.Coffin/OneDrive - California OEHHA/R_new/AutoQSAR/benchmark_results/all_benchmarks_no_unimol_20260425_223505/tdc_ames,b06baf5ef2ebdd2a4c6bc76824103dfbd35be861,True,13,42,"1,2,3,4,5",predefined,c1e188ce665dcf4a30bb7a4559236c9d4e987cc57029dfc4c996c0df77c022a5,c7e6d660eaddec638ff06bf1964ad194d2d84171c1b3cf3d491b728ab09b8bcf,5821.0,1457.0,True,53a1113a852ef99e61bde33cb01f10eac6c6b2fc3875bbde31f8b12a632acaf0,34053,True,71a3261d5f89502f21dd1b31ad1ab4e9b999388ab750112d71f24cd23a13ff9f,11097502,True,73d84b712e1e9d06cf63916754c1d2d97b456754abbb7c8bf82545db4070638a,9055,True,5e8b7eddfb6a62f451c5f1ddde4bdacd6bc02f71cb6389469d6e8f99cb758069,365479,True,675d5258eae9bafb3248eed9c8ad677d91e1226dd83f3bc503269b8ab38fe9a6,260,True,200f2f29e9e469f77db3d135dc35d72117ff24e109cd1687c84ccb6c2e32affb,3774,6,6,1.0
tdc_bbb_martins,C:/Users/Scott.Coffin/OneDrive - California OEHHA/R_new/AutoQSAR/benchmark_results/all_benchmarks_no_unimol_20260425_223505/tdc_bbb_martins,b06baf5ef2ebdd2a4c6bc76824103dfbd35be861,True,13,42,"1,2,3,4,5",predefined,a6dccd56b1ec87c5d47ec856e472f8a0ad4ada513e8cffdb48de021c63aca0cc,72058152bdf05cccd6688d989dca2779c615cfbf70ffec3270d01e4be89dc869,1624.0,406.0,True,f17cc1b914c2a49d269df4c05d4f9cc5c0ce6a5e6d489c18b61758f2d9947ae4,35310,True,1e5c18d3fd31ea50293140a7b7df368611389e3eea5cfbb25e7bab49d2592417,3565556,True,bcc54763d8ce5188747ffece9b2970a68d9be3c0fc6cb84733bca1643298bc9a,5145,True,30614a7c3a2ae849f467c460dcace9bb13b38af54327ca9a4febcc67040227b5,253709,True,d3b9357acdedc742347e33597d86561a5b4f1a92ad5e1c31ad4e4351e8997aaa,275,True,a0afcf943e0b98991f3c73f7dbbb9bc3a5ac08fbb7d04fac0ef0c046a268c2cf,3899,6,6,1.0
tdc_bioavailability_ma,C:/Users/Scott.Coffin/OneDrive - California OEHHA/R_new/AutoQSAR/benchmark_results/all_benchmarks_no_unimol_20260425_223505/tdc_bioavailability_ma,b06baf5ef2ebdd2a4c6bc76824103dfbd35be861,True,13,42,"1,2,3,4,5",predefined,037d79f4c2a5c2cc45214f6cf911003856ccb2898fac607de4e5c806fa76b129,fc65a1d4a0e74f3e44e8cc5e23e7d0819dea458fd07af4ab43f84440983e1cd5,512.0,128.0,True,d11aa2940403466d08ab6027a10046b7a71a3640ba4cd4b0c650612b00a03834,31627,True,de7eb395ad138f92d18a24a200e6ee281181535549a0eb34d96d70a37915e2c2,1580718,True,cecd9cfacbb85c31870d2f7b0b6c1d29de998999d0808d29a0dd3c2ed0bc06e9,254,True,8c0b49f2d028654aacac486d9a02d3afb0bad0360eebdce231fefaf14dacae92,238051,True,d340714140d6b8984e54ea2ea5027d9485de81fcb5ff3fe024ba295530bd58b2,288,True,aeb2cfa8b3635b962bde337382672d24c4017b6a8b3efdab0f52670c7ff5d37f,4246,6,6,1.0
tdc_caco2_wang,C:/Users/Scott.Coffin/OneDrive - California OEHHA/R_new/AutoQSAR/benchmark_results/all_benchmarks_no_unimol_20260425_223505/tdc_caco2_wang,b06baf5ef2ebdd2a4c6bc76824103dfbd35be861,True,13,42,"1,2,3,4,5",predefined,13d5e39f6646aa71e41f87ffe270075e70b8a52f61135bc8ded823e3e549bede,f99907fd252c7e33efd6a6bd6e733ed93b18b9f7f215c69475ce3d0cd56c53b9,728.0,182.0,True,07d71296b7325634bb559c6e8741ef0d7774033bcecfa94982f402f93a468622,67436,True,ee8f262e8acb30bb05f067046fe3f41de38948d6c8721126458cbb78d3493952,2419403,True,30aba757fc4e4dea52466ff8dee698ed2f0c8b402313ef709b2bbad1ef264b2e,6433,True,9939b65431c53c2183594fef280aa5338cca525fa04d02e7105d2cd1b668922a,250490,True,3fcf93a58ec960abe38790a5d375eed52e473af308ef6c0573db992a0533611a,273,True,c35a36dfd7672a1e0133d3ea3bace2bb00fa9bb70c047b07de353421c0483d07,4480,6,6,1.0
tdc_carcinogens_lagunin,C:/Users/Scott.Coffin/OneDrive - California OEHHA/R_new/AutoQSAR/benchmark_results/all_benchmarks_no_unimol_20260425_223505/tdc_carcinogens_lagunin,b06baf5ef2ebdd2a4c6bc76824103dfbd35be861,True,13,42,"1,2,3,4,5",random,1337c1898cc4bf67c33e02adcbc529871eddbbaefb81b35640cec1352dd87ef4,f414f70ef733f2b850b272e8be910f7a3b0c37a1900db83966d8b04e96cec1d5,224.0,56.0,True,ff0404bc81516e826f04ed4bcd85baeaf8e3d7cf78dfcde74069f925af97919f,35055,True,051bc2692dd0461673ed29c314489d9ea2fd9af4ab7534eca6948406017dc5be,644667,True,1f9c69dc4fdbe46dec5acfe9c03649fb80e7796ecddae9f13bef8bf4da0844c4,1565,True,4583711165fc053582a886f4587e0821efccf6abe7bb6de849a3317e7970a19c,231976,True,7338565c24ae90cd9effa2dc9e24e9dbd5efee1826fc96b43825cdf61ad87adb,251,True,e811eda59d6825ce2fb9e600134cfa3ba094285c0d8d2fede47a0567636b8bc2,4226,6,6,1.0
tdc_clearance_hepatocyte_az,C:/Users/Scott.Coffin/OneDrive - California OEHHA/R_new/AutoQSAR/benchmark_results/all_benchmarks_no_unimol_20260425_223505/tdc_clearance_hepatocyte_az,b06baf5ef2ebdd2a4c6bc76824103dfbd35be861,True,13,42,"1,2,3,4,5",predefined,a46c9f3a6c94a805fe648eb11c1df1ff43877cfc351de0de155c29c274600f9e,d0e0deddb5a46b1f69771818604af0cbc5f1b0650450de8acd977739ee5c50d2,970.0,243.0,True,f29434fd25f44bc2f736e0f697ff7cec35e4d297a8075de291a03ba60f29a54f,67981,True,7c18f71da17dc8b1b72e693a43e50db3af96a050575218c1d9785a8277365e47,3160349,True,f7b0a0e425c97d0cd207921ba18c20dd814cc82dd9bf9e8b39b8e105bc3679aa,9173,True,49164a1f6c06222ef1b07c5b87eca937cc55d9f7cd2dad3720c6eec631c24a26,347900,True,336286ba40d31b2fb3d69965a94027bcc55dffa72400962856aab7d3538e29a1,299,True,32e9c30119b956cd5aa9a1ddba4560bca1f6d5fb663e277063e142a85f0661ec,4773,6,6,1.0
tdc_clearance_microsome_az,C:/Users/Scott.Coffin/OneDrive - California OEHHA/R_new/AutoQSAR/benchmark_results/all_benchmarks_no_unimol_20260425_223505/tdc_clearance_microsome_az,b06baf5ef2ebdd2a4c6bc76824103dfbd35be861,True,13,42,"1,2,3,4,5",predefined,8690f4b589419add143c92f467fed5d2e0e93865d7a8ce8bcec1fb0c35269137,e6f80dfa2e43d14511bd426e9803b2dc209eb886e94ec89160048037c85fd331,881.0,221.0,True,aef695d1b610a5722f75fa09a404f41ec8804b997876395d4999c15d78996d1f,63501,True,a088d3ff796090732766c2c31358ab4df0b5e624b599c9b84cceefdb8650a852,3176837,True,e9cb5e49c2cbdb7a0a3437261a1df25ffc6218f313d84abcdc6d2ad01d15015c,9287,True,d0c4d8e5c8879efc10a26f14e1080280be484739353d73102468583c9332ce57,346299,True,1fa11d1c3143c6426eeaf1b2048d4c594e181ff488d5d61e0113b29ff091f828,297,True,6e8bcb75a1a0ac80755f8477f661c5fb011ce696d0810780619e6f3ad84bbfb4,4750,6,6,1.0
tdc_clintox,C:/Users/Scott.Coffin/OneDrive - California OEHHA/R_new/AutoQSAR/benchmark_results/all_benchmarks_no_unimol_20260425_223505/tdc_clintox,b06baf5ef2ebdd2a4c6bc76824103dfbd35be861,True,13,42,"1,2,3,4,5",random,e5e14762d4103ddc1d8dcdf09946434ff28b8cbf68371374e3ac0aa0bd91dfe5,dd389882ff3161b285bb5e4188ca97f3821de461c6e852373b35a015e77e1e83,1182.0,296.0,True,41e18a12e49b76015415d4ae7c6f39eb30d6c1ce73c4e2a06d5678c631f9f2d3,34009,True,a8d2c18904a9261a6c7d27012dbb43d25bee834ece2c1fec4e1a876e3be38760,2752082,True,38582daa2910aa012366c942b0b6a5afbb54ed6cf5a295af6827d5ee0851743f,2369,True,d654a73cf59ae73aeee533c51bb8db7644b1fa742628bf9ed4cbd6bdfb4bbe2a,256891,True,22d0adb92c48da3c633f250a8379c52081be3064099541e0eae41595389e6b6f,227,True,94cfe5297d69ec937623e865934b97ceebc6724465f4ceaba980c23b5ea4311a,3780,6,6,1.0
tdc_cyp1a2_veith,C:/Users/Scott.Coffin/OneDrive - California OEHHA/R_new/AutoQSAR/benchmark_results/all_benchmarks_no_unimol_20260425_223505/tdc_cyp1a2_veith,b06baf5ef2ebdd2a4c6bc76824103dfbd35be861,True,13,42,"1,2,3,4,5",random,087e7c82ee97b98eab92ea0fc6a54c22ff7e479089465d445cb394294d418baf,6c06095d482b89c62fcc5e4483d67502f106ad0d7127dba6dca1a59eafa84449,10063.0,2516.0,True,3bd9dc65feec0e51bd171ffbeb2c5c54d4a8fe5a3a00fb9fd5f70a097ec95390,31715,True,c78cecad48f5cdf0ee9279a18cba57ed420b51bde36d24ba9d7776f653da058a,27349733,True,02786267f72f5d2c035d83efce47c78b1e34eea203c3a90dc42faa266b41e9f7,8951,True,76da8fdd8bf86f66ee9ce32778547ff7984f59b43280a95b6ddf8a78c6b74fe9,378975,True,9eeccc5d3b6de17cd9ebd5a39d2565f149b10f5c393028976ccd757c3541b02d,239,True,08690cbeb0724a001e10f128e1e9f9dc6d650b2d21f77a69fe1d31083cbb09e8,3893,6,6,1.0
tdc_cyp2c19_veith,C:/Users/Scott.Coffin/OneDrive - California OEHHA/R_new/AutoQSAR/benchmark_results/all_benchmarks_no_unimol_20260425_223505/tdc_cyp2c19_veith,b06baf5ef2ebdd2a4c6bc76824103dfbd35be861,True,13,42,"1,2,3,4,5",random,52669581a0562314195e2c243ac9a99c5d7d1566264f116a09de87ffe5bd5eac,2601c72e638d3a95d6153eb24f869f06d6d124250eaded23a23f7a979b42a8c4,10132.0,2533.0,True,1859d4e56e3117d9050deebbb4b51866432ece4a7795693a80134c4df3762a90,31458,True,c6e8aee8e8ef92b05497a3f9863eb2f9a2296bc9d6bea30400ee3fbdcb3fc2a0,27864195,True,ac438d511c146a4ed01d781a4912b598d4bcfafba925e458029827fe0dabeff4,8923,True,996495c1fc9284ddeac1619eed1801a6a4d07d8c83626654ce4c638b65e4cae3,379320,True,5f57e86f5b297fa38e6b941cae8ce55ad260fd7dbf20a522619b0bd9d699cd97,241,True,d6b5b39ee102e14b5ce0dd8e3d2e12f22f54f5f4e0786342a61b4b010cf3636e,3909,6,6,1.0
tdc_cyp2c9_substrate_carbonmangels,C:/Users/Scott.Coffin/OneDrive - California OEHHA/R_new/AutoQSAR/benchmark_results/all_benchmarks_no_unimol_20260425_223505/tdc_cyp2c9_substrate_carbonmangels,b06baf5ef2ebdd2a4c6bc76824103dfbd35be861,True,13,42,"1,2,3,4,5",predefined,57f35ddc7eb10b8be0aec4b9c51a913508fbdfad4625a64919dfce767aa75fbc,1eeea5eb9e728890b1600cd9d94766119ef0e001fae0631d0e4e48affa4ec564,534.0,135.0,True,79660224e678e6ca93e21225a23b6683bfe9f58986181ecf6fec9f79a5c93474,35928,True,935032dcc3b32bbfc14e5e1f1cf900ae77848217d3425abf15eea42f47488af2,1587178,True,8e9346148add55696c82faaa58ed86c89014ccb9bf650194da21bf372e8056cb,152,True,a14e37cb046445b0b126c2d1098b11d70c316eff7296691c9471e85d99c12cf0,237813,True,c856b0a454d2825994d4288aca5a32a23fee9f24402b3633d5b731c8584cd39c,312,True,1e97176b82182f371a59cb5b6755e69df2b6d09476a901679987bd1c31e140b6,4502,6,6,1.0
tdc_cyp2c9_veith,C:/Users/Scott.Coffin/OneDrive - California OEHHA/R_new/AutoQSAR/benchmark_results/all_benchmarks_no_unimol_20260425_223505/tdc_cyp2c9_veith,b06baf5ef2ebdd2a4c6bc76824103dfbd35be861,True,13,42,"1,2,3,4,5",predefined,e2125e288f4f697bb0db68036cc6e783ea1d70cf7badec2a12536c37ba58c5c2,f62c2f668ec14fb2f8b59f10fce0887d959d5295d26b22d4485e0112965a1ffe,9673.0,2419.0,True,6446c35eaa8cc1a77e4391b3f6f602dcfa11cd20431f7b279ecfa5442a3ef232,32234,True,6bef8257fb263c05cf411767b5c8d9f11bcb7571da373c8a0ff9eddb1b63ff26,26518935,True,4ced6177e9b92fb151d7fd21fcb45fba6961f0998d1e8f3939dbf0fefaa28229,8905,True,f0054570ce9ccb71136ed2a369d94bf3598cd5bc666c068a68c487521169da3e,377912,True,79ed85590aab821bac2350e16f89e664994d8cf129237fe6919200230df58015,277,True,8813f3ce3498954476a25970dc06c4baa4b8e5c03dd992490be06172176755e4,3934,6,6,1.0
tdc_cyp2d6_substrate_carbonmangels,C:/Users/Scott.Coffin/OneDrive - California OEHHA/R_new/AutoQSAR/benchmark_results/all_benchmarks_no_unimol_20260425_223505/tdc_cyp2d6_substrate_carbonmangels,b06baf5ef2ebdd2a4c6bc76824103dfbd35be861,True,13,42,"1,2,3,4,5",predefined,c18495eb2efc7a330ac8ca3084478a3c913778b1b512493bbc55aab908aa0af7,4a6356582ba17f809e42c5dd38e58474251b1eb75cd1055ac4f50e67ba35644e,532.0,135.0,True,780ecd56eaf85c3e7ea9a4d81b0c9453f160576a4915268b408b9670a1c61df2,35874,True,2de416bc81e81ccd8979c986f2ac434a1a594d3264d1fab67dcd15fbfeab852c,1568987,True,21e0d3c10800a4f6bae8da336259a5f538d0d5af5a360e704d017cace9d5468e,2557,True,0589f68e6bbec76fd9d620ca1dca74bfd4454a5e435092af1c5d73ab9ca21b85,242630,True,5f3f693a18f57b4d61ff99078395252882536faf70d37071a0fff30c379b8dce,312,True,251d80d71c1deef527e34493804053609188599243bfe589ce6dcc184b3b85ae,4491,6,6,1.0
tdc_cyp2d6_veith,C:/Users/Scott.Coffin/OneDrive - California OEHHA/R_new/AutoQSAR/benchmark_results/all_benchmarks_no_unimol_20260425_223505/tdc_cyp2d6_veith,b06baf5ef2ebdd2a4c6bc76824103dfbd35be861,True,13,42,"1,2,3,4,5",predefined,fb682d3286f211f487cd8ef11cc87dfdfc7c51b279fb95e0d3ec792c8a814446,cb779209dbc7aedc1f979fc119cae0d99fa9a3f75c951a1fc0ceaf396d001e65,10504.0,2626.0,True,578793fbb067f3e78841a02214f145d698fe7dc6d029c3317fb9e139780d8aae,32110,True,6792c20f769f6cfbcd2225882f7ae02d4e9f9fd8436513781115ea6648ceb8ac,28797708,True,4936421034d9cad5cf292439a5a07875d74e8451222d94280a4f707cb782a751,9047,True,bee41c5ee4aa0bb9f94f04bfee39e0e8b1b5c4e57a5b3ac71392e05191e3ec3f,378221,True,9aecdad22ac55219bd2a796b984d6844470e506217210cca18437da0ae70aeaa,277,True,5f76bf1f165aca9c12566d8d42efb1072149771ad1b7f3ef1e0ffc95ff29b4be,3938,6,6,1.0
tdc_cyp3a4_substrate_carbonmangels,C:/Users/Scott.Coffin/OneDrive - California OEHHA/R_new/AutoQSAR/benchmark_results/all_benchmarks_no_unimol_20260425_223505/tdc_cyp3a4_substrate_carbonmangels,b06baf5ef2ebdd2a4c6bc76824103dfbd35be861,True,13,42,"1,2,3,4,5",predefined,a0afa0b1ff4ebd42751a56d4ac75fdc5486468a3f861542996c51f5792c92595,6969c0ddabbc518e5ae53ff95c44559c6e1cab23e373b4604d93f1b1cf9a6878,535.0,135.0,True,674a35c7f3aab09e27891bba59c6572da64b69a7f7c449bcdabf85c91209add2,35666,True,bece233ed436aef2542943519b8db537602b0d3b9efb0fbd28415637885bff01,1576756,True,3a7b38721089225253064465ec72657c29ae473a5a551278eb453f1ac79d0912,3208,True,8f3ec37997b1b460f95620c29da5fb50e20066eca3d42ddda6459aa7f5d173df,243007,True,bd1c4d002d6e0be74af734b783fb5f2a991d35948c2a04d58ca63235a78d4e65,312,True,322e34cf8c39f4f56052d9ff4a20df3deff8d95cf0d746965ada850a2b0b972c,4496,6,6,1.0
tdc_cyp3a4_veith,C:/Users/Scott.Coffin/OneDrive - California OEHHA/R_new/AutoQSAR/benchmark_results/all_benchmarks_no_unimol_20260425_223505/tdc_cyp3a4_veith,b06baf5ef2ebdd2a4c6bc76824103dfbd35be861,True,13,42,"1,2,3,4,5",predefined,a1ab095f0c322114596b10a8320f111c8e89c1663ecef4f427d9651d5405edcf,876c64a9605af73779282733ee229aeaf989f33defd93f7691280cf914522162,9861.0,2467.0,True,d2361cc2e7389533cbac44a74fb8442c138c0b00d596e94792d2be9655729057,32161,True,71fd583e062ad33308131b73e7759650bc282163443ce46450f9318a35cf78ec,26872100,True,ac642276bf8ef73db4a7edd0f754fb5ecdd1ce271b9ca832689a3e80e91818f7,8915,True,5cf7bd1674c2c3652ef88aab8acd6fecbc19be7020cdbf455c5d647d263be436,378685,True,d4648d925c1387e94d9472e8346cf86573676815d5aefb5857135629123ec718,277,True,cd1a74f9e02037fe0c6b4eb918bce887f52b4fe0177a6ebfed43b33189a98d02,3936,6,6,1.0
tdc_dili,C:/Users/Scott.Coffin/OneDrive - California OEHHA/R_new/AutoQSAR/benchmark_results/all_benchmarks_no_unimol_20260425_223505/tdc_dili,b06baf5ef2ebdd2a4c6bc76824103dfbd35be861,True,13,42,"1,2,3,4,5",predefined,f2a7e7ea20931ec51770fa53937aeb46667b093259fb17051a14430d5e99ecf0,884555c3aeea80e8c967b851b0d53fb258541a7556a1c281900b519f1259f330,379.0,96.0,True,4eb4b5986e516e1a6337f9eb0ee95ae1d8b775f78efb8ab1b09864ef1be5a6c3,31973,True,5862365b306295f9e8bfc30eeb22ca375c70cc89cef2e5296c15cba997a1166b,989765,True,f4b8a27ac42afe0689f0ac59fa01a8b7315b8757858b53b730c4e53da90bb18a,5049,True,c792646a56dd49503a55ccb03defeb312f6fa42618e17b2d25096d2fb7965ffa,247821,True,5830b3961a4244076a8288709c62ec135a3c11d24db1bde093f76bcce32763b9,259,True,84fd1dcfd674635429fbd58e87155526d197b67d829cce964f507c51df0fcf38,3944,6,6,1.0
tdc_half_life_obach,C:/Users/Scott.Coffin/OneDrive - California OEHHA/R_new/AutoQSAR/benchmark_results/all_benchmarks_no_unimol_20260425_223505/tdc_half_life_obach,b06baf5ef2ebdd2a4c6bc76824103dfbd35be861,True,13,42,"1,2,3,4,5",predefined,9ff78871525cf39b693ad6c13d7fb061dfcbb16aefa93dd2363b5eca85c3daf8,7a672eea1805369566039d2ddada0aad2788b40fcc83c2bfcdcdb3a886a41c56,532.0,135.0,True,3a772c111b687b48d0f18fd32956d8f50a20e4983ab63407f4456f09cbe31831,67761,True,bb35fa3feb2530852a6c7e97a9e965af480eeea4b4a3b48f9c25fc63b957814d,1618893,True,37d53568116abafec45ab68d9a659e6f3ac33a2ae635f769da86332cada60a4d,9400,True,4672d6a6e6fc2882bf57ec0892ae79bbaab8154055bff30fcbe765a43912f059,345470,True,c1bb7e6f7f8ac4eb1b3570bb26b97c88aff732e43ef2da6b7f101c029c8d2e39,283,True,8ed93d55552a3a7039f508a6f7869a446134fd2d374cb345070f8804a2e5aeda,4593,6,6,1.0
tdc_herg,C:/Users/Scott.Coffin/OneDrive - California OEHHA/R_new/AutoQSAR/benchmark_results/all_benchmarks_no_unimol_20260425_223505/tdc_herg,b06baf5ef2ebdd2a4c6bc76824103dfbd35be861,True,13,42,"1,2,3,4,5",predefined,b87a3f409c7ed81e12a689659fa459f46c1d7c555776275f8e5c84d59d289bf2,75c42c053c342f6b55693d4118ce7106803c73bc7e4134eda594e476492c50d4,523.0,132.0,True,2b4415dcd1a7a7a659733923716dfcf50ed3f6ae9c5283c46bc0ec268a70d617,34361,True,0004cdb474bbbb8864bfd8ea991becb95aa22aef2c7396a565672c905d50669a,1291976,True,035752036f16aa4adbac43f898fb79edbc8af01d9cf100291cd6edfba9d99c90,2347,True,b13125771146c9ac8ffc8cc35421efcc8a9177f98eca354895e5ca12f7907043,238458,True,7060eebf1fbe0bc156fc86c62db010b7bb7c891c93f62cd02ef4b13a80d72ebb,259,True,edfa9a8f037f6899169af30de77dd3b3c72f500c41495e452ae8498fc1c61d9d,3946,6,6,1.0
tdc_herg_central,C:/Users/Scott.Coffin/OneDrive - California OEHHA/R_new/AutoQSAR/benchmark_results/all_benchmarks_no_unimol_20260425_223505/tdc_herg_central,b06baf5ef2ebdd2a4c6bc76824103dfbd35be861,True,13,42,"1,2,3,4,5",,,,,,False,,0,False,,0,False,,0,False,,0,True,180607fda121b7a6ff290e5f6f2bd257c1bb31e0ba081a20da0590d2e9fe3ad5,171,True,e669ea9361dc36cfab2f12639f6f1accf22e21c8a4e17cdcf0d8ae3bd81ee119,524,2,6,0.3333333333333333
tdc_herg_karim,C:/Users/Scott.Coffin/OneDrive - California OEHHA/R_new/AutoQSAR/benchmark_results/all_benchmarks_no_unimol_20260425_223505/tdc_herg_karim,b06baf5ef2ebdd2a4c6bc76824103dfbd35be861,True,13,42,"1,2,3,4,5",random,4d0193670289862cb3d527783257aee805bdb70548472057b50538383dd9a65a,8fed49b82cb54f60590aad27f0939d2169af9624cc7e7505ff714c856870b749,10756.0,2689.0,True,18a80faa16dec5a43104ba7fad22a54ca6244b029fee8b4ccb8da85966c97ba0,31454,True,41926897ed352c1d18f46372f42296d79854f94c20db6633107cb92c73092ee4,31064728,True,bc3e66cee81e1002a420afaa24d3f2fe5234295539675196d7a31d56be7fce8d,8562,True,043bc778424bb44733527f606d4e800538689744bc68a50047bd4169476a283d,375987,True,c1b17a779a2f7b630f743baa92349fbb5bb6388394e3a1178b96f62a6f9d08c5,234,True,2a821d3bc2862fdbb80dc8020380987a3a73a49842b3facda2405cd723cfbe67,3854,6,6,1.0
tdc_hia_hou,C:/Users/Scott.Coffin/OneDrive - California OEHHA/R_new/AutoQSAR/benchmark_results/all_benchmarks_no_unimol_20260425_223505/tdc_hia_hou,b06baf5ef2ebdd2a4c6bc76824103dfbd35be861,True,13,42,"1,2,3,4,5",predefined,914fef277489c120c49df649a2490602576a68e2a533284c8d855b36cc753e13,90f0a4c6a2d8c250c8b3b314301993ec3924a13ab062c08b4545e26122bed2dc,461.0,117.0,True,76fd1d9abe85f8e9238b0b757f77b83f529b82386fe29dacfac8b27f058a8310,31960,True,f6701d45857aa22b1523121b64c1adbb995202422bd5efa542fd6f6d57f208a6,1292532,True,3b6fba4771d172faeaa7ba1d1125293681516f7a2d69a2ae5c44a0f339e86c34,1585,True,651ff9e38e5ca9762027a081c0e2ac3cf736193038974b83dc392b2b06aceda7,237257,True,76b05ba94bf7b34541da2eb6731691af3184ce2e11dc5db759afcfe392349e99,267,True,3fe5c1c8b5bf4e12696b3aac2cb6d79f96612ff69f7138135d2d3ac8d12cee39,4010,6,6,1.0
tdc_hydrationfreeenergy_freesolv,C:/Users/Scott.Coffin/OneDrive - California OEHHA/R_new/AutoQSAR/benchmark_results/all_benchmarks_no_unimol_20260425_223505/tdc_hydrationfreeenergy_freesolv,b06baf5ef2ebdd2a4c6bc76824103dfbd35be861,True,13,42,"1,2,3,4,5",target_quartiles,e99e95d86b39d0c1fef7984f923de08a194f8df032ab3ebbb15a79624f68e33d,a7d3716155ad13c774cbf0d46d4807f3f90616db84e81fd88142eb7acf1a92a2,513.0,129.0,True,6b0bd9af659bde9fe457f50b7c6065d3a2675d90852fa64c41ace301ad164ff0,37221,True,256e80428a2c6387209532f48a76c82f6baf0e66b1a4b70f8a86154d2a8d2a48,1495154,True,b6c1b16e19dc243dd82c44c2324269c359eccec7dcc85da48a31df7a92d03194,7925,True,27c35d0b05517178436188087eaa2d8512a0582f91b5145b5db81930cd85711e,178400,True,812e0e3e9323c4233abb76851f1c0d68fbb32659b03fe8a793c7c3f2a89ccb12,270,True,3856ebeb5f2d97cc6105cf94fdbe508f1dbe8cbfdae4cbfb30328809215b2936,4853,6,6,1.0
tdc_ld50_zhu,C:/Users/Scott.Coffin/OneDrive - California OEHHA/R_new/AutoQSAR/benchmark_results/all_benchmarks_no_unimol_20260425_223505/tdc_ld50_zhu,b06baf5ef2ebdd2a4c6bc76824103dfbd35be861,True,13,42,"1,2,3,4,5",predefined,6256f884a78ae46696836eded007c1cf018bb56304934a057fc4e77c36d18ec6,e152a1f0ee254a8a1feed858602665e37dd2bb3f2e9e7fb190aceb5a335fe5b8,5907.0,1478.0,True,5c768a4ef841f9a2f86e8e43597e98f51c7da3a695372a134387dc625a8f9dec,66391,True,a916d2e6e94edd98aaef3171d52fe901ab1d0991c4e1200af9f6a6bc439c2ee0,13519757,True,28bbf65419435ad8ba86c9da62b80d6acc6cf59aaa35b2e651b5fa3b9c6a7e7d,9260,True,f7cbaaddf3bbf03560d1b4419985d9752b7ef844c826952552ce9dc23573b17b,372464,True,34c5d323edd115e51709fed9c2b796b0052d12f3b2562d97648ca1da3921b46a,268,True,357b53edf76eba9984b163e521ddd85edb4309b1e6eda3d27f202c0f96c1783b,4244,6,6,1.0
tdc_lipophilicity_astrazeneca,C:/Users/Scott.Coffin/OneDrive - California OEHHA/R_new/AutoQSAR/benchmark_results/all_benchmarks_no_unimol_20260425_223505/tdc_lipophilicity_astrazeneca,b06baf5ef2ebdd2a4c6bc76824103dfbd35be861,True,13,42,"1,2,3,4,5",predefined,e9e48833907af3b489e2d3008c23bf6bfb6bcaa84fa80d0af87594e6be7e04c9,2759247fc6c7db07c9b24e2b1effd0da5cb1ce427fb8554060a307bc27b15605,3360.0,840.0,True,62b6a9aa69222e78c9861bffcdac32ce81f73165a65ab06a637461d3eed9881f,62688,True,5bd4c61c0aa2e40764ea31daacdc845ed4946f2d8c55469446997277d77ae1d4,11583775,True,7d83b17cfc10a1417b549f284f781f8654fc0aed35e8861a23f21757d822796e,9276,True,930e8cf9b9313c25b7f31cddbc464a50edf6aa0b63b84d89078bd296570a5840,266367,True,95599ac6c08bc966526d65d77c6d9d3dd3eb87564bf34a55e3e3d8ff16cab001,303,True,7c0868d2655ab5c9b1a40047307415d8bc292143fa2a209cf6ed74c71d6fbcfb,4622,6,6,1.0
tdc_pampa_ncats,C:/Users/Scott.Coffin/OneDrive - California OEHHA/R_new/AutoQSAR/benchmark_results/all_benchmarks_no_unimol_20260425_223505/tdc_pampa_ncats,b06baf5ef2ebdd2a4c6bc76824103dfbd35be861,True,13,42,"1,2,3,4,5",random,1048ae3a05c4b54b6e3ed275c4983f5ef94b1f2fad1b9ed25c0e52904afda360,6f4328da3e8c84c6c57bb789b864af6fda491b4d35981ad7b158a73b71d89a61,1627.0,407.0,True,333c16999ffe450070119d45f0711a40125608e8c6541b23e7ad8322e815b7fa,31161,True,e9709f29696619ec34aaa07e7e31fe18a5911a7cb1770add89c8a3776081d914,4472344,True,785ba669685e22a2e44cc06dfe543054b6f6fa64bfdca1f8af45e56c0652dc26,4168,True,1f2ac5933a0ed595114d5645a5f89514522ad211aadd078c251e12b428592a95,241898,True,d6ae3db1acd39c6151d390f764b54d898db605a33c319facdeb239f85779df31,237,True,06dc0c3e7a9992ddc70bf87d4b27192afef59c3b279ecd8419c0e4c720eaa3ae,3855,6,6,1.0
tdc_pgp_broccatelli,C:/Users/Scott.Coffin/OneDrive - California OEHHA/R_new/AutoQSAR/benchmark_results/all_benchmarks_no_unimol_20260425_223505/tdc_pgp_broccatelli,b06baf5ef2ebdd2a4c6bc76824103dfbd35be861,True,13,42,"1,2,3,4,5",predefined,120d8959389d7ad774ede3b365a34cd05f02c37d38763a955cd152ab90707e95,8578a46994ebb1793c605e32b31005192abf044deca5d553bc38e435e1d1ec35,973.0,245.0,True,d93cffdb3cf68b5888ce922cdae4e158a7f705b74252619f5604d41b2f40902f,35375,True,baed41db7165b49723894a8114eab69400d520fe3af16e46f28f3155a6324dba,2580700,True,83f260d63c861653486c5e55735d865e271a4fcdc0433a16d28496903ee927f5,5055,True,e3ab169e6546f0f5e00a5d54ddaa837df2bdea137857535df5a540b943fae641,245346,True,30e01ff44b6c2ac7c63b644c0c85a8d2faea512000c7bfc537aba962a3d46de6,282,True,867ac7d92bae698fa635627dba6548c55f27cf4c973889a2e93559d38096d2a5,4176,6,6,1.0
tdc_ppbr_az,C:/Users/Scott.Coffin/OneDrive - California OEHHA/R_new/AutoQSAR/benchmark_results/all_benchmarks_no_unimol_20260425_223505/tdc_ppbr_az,b06baf5ef2ebdd2a4c6bc76824103dfbd35be861,True,13,42,"1,2,3,4,5",predefined,d630d01d567dbbc8d507e7ba380f353a013b3144e39f213e249981499cb41286,7eff1d13f182b487cc433086f79c51f708253bf7c313057e702bf3ece6b0c919,2231.0,559.0,True,c7ed778beaef0b9546e912d06e6fc7965492169d1de7e7a89a2bd8c6307f2e78,65932,True,0409deabf5448b5032029116a4e37a79978f5b82db0722a6809653b93ab04f7a,6156812,True,427474c1cff5aed9b3bb90726cab66694932965be9c7c417c4a7da57fd2f61f7,9478,True,c897b5da8eee7a935a2dc4f407e63f37d86a27651adbd64399b2f95d60a6d09f,322428,True,5ebf564526debc1fb580460895f83b3f5bafe8034b4727a26be6740732c636b8,267,True,2b9e06080567f94ed00e6d30e90b93f0bbbc85afb2e62624290c542b9114e515,4224,6,6,1.0
tdc_skin_reaction,C:/Users/Scott.Coffin/OneDrive - California OEHHA/R_new/AutoQSAR/benchmark_results/all_benchmarks_no_unimol_20260425_223505/tdc_skin_reaction,b06baf5ef2ebdd2a4c6bc76824103dfbd35be861,True,13,42,"1,2,3,4,5",random,b80b7ee7dca55253349eeb1cff6cca5bad5ebcdc6a6694bf75b5214116b3c9e9,37395861f4023d5cba7474c0fc4457e6e0fdc9fb69587f606dce77ddc6687814,323.0,81.0,True,3d86681ff9787029fac9003d382f069b1771b3a73514d0ee0f23697218159a10,31278,True,85c395dff81d19289db95ce1d0a10174ce16d61540508dc7c30020be463caf8e,790472,True,f18d1a9e68dbbea2e6edbf0f3a6b156af81c034dc5076cffefa7527ff5f0625f,398,True,0fda22095ed3c7c610a98b1be29385cb60c47adf823e6933c718d0da55aabaed,208690,True,3470fe1da52b1982f0923c094856ff32646879669e53d1454140f83721a9be68,238,True,64c6ec657f19eb65848f788802e9b2e284b9bcb6d13717d89f21e90921339198,4102,6,6,1.0
tdc_solubility_aqsoldb,C:/Users/Scott.Coffin/OneDrive - California OEHHA/R_new/AutoQSAR/benchmark_results/all_benchmarks_no_unimol_20260425_223505/tdc_solubility_aqsoldb,b06baf5ef2ebdd2a4c6bc76824103dfbd35be861,True,13,42,"1,2,3,4,5",predefined,228f17b48ac14a4b14e267564d566d2fc603217b87afd7399bc1ee3760ffa2b0,bbe67cdaca56f4a02331e8809da8e6d33c6864d01eaa7cf410196ef430e25a6a,7985.0,1995.0,True,3cade4868513fd41ff4c3ce23fa9c258bc1a8700dbf9e4e631cafe7f7888af68,61911,True,acbadb727db8c4310d1500958d1d5f184079463a2f1119725c606a298bb9fca0,24370571,True,5ca012ee05fa7d5510a192d23b8c3d354324d00d698dafde878006a94c45ef42,8925,True,542c478d66ba059d6fb30fd902c2526f5388e9f9d49491c958a68ca35faa1825,377466,True,c216b6edf6da687b04e45849de135f93600e02b155b439990b1e613f475c98f9,289,True,485596355763c590e66624e52af75352369a6847bec665d43098136b00f1a9dc,4470,6,6,1.0
tdc_tox21,C:/Users/Scott.Coffin/OneDrive - California OEHHA/R_new/AutoQSAR/benchmark_results/all_benchmarks_no_unimol_20260425_223505/tdc_tox21,b06baf5ef2ebdd2a4c6bc76824103dfbd35be861,True,13,42,"1,2,3,4,5",random,a7157c6c2569e1a4ac8ffa5b67765f00e987cb131ba912d84e58afbe5b84b06c,94e4a93eb05d17ff2c0df161ebdcdefa8c3c75c223ebfee34f7621acc987da96,5806.0,1452.0,True,89c128160bdd56a497fde9f00f1d0971e3a217385629ce6cae8be0f6f297220b,31067,True,8550020429f0f97451cc6a328ecede6566a1dc068f60b7ca963993bf93fc83f9,13797021,True,8092a2c8478fca4c4f427cd8a504f64a3959314177642ea116d19143219bc3df,9184,True,ae2ac477f4282dee3bb5027f371342c803618caf7c492f46b995712628522216,333922,True,f3d8ede42e261f795027a05d27ef8b47195cf9fbe70526872ec162742ed13d0b,238,True,22ed223a9166c53da839b4d3f402e91f0399e55da4af90457121a96eb9b99def,3757,6,6,1.0
tdc_toxcast,C:/Users/Scott.Coffin/OneDrive - California OEHHA/R_new/AutoQSAR/benchmark_results/all_benchmarks_no_unimol_20260425_223505/tdc_toxcast,b06baf5ef2ebdd2a4c6bc76824103dfbd35be861,True,13,42,"1,2,3,4,5",random,60c66705e1ff672ca2c7c57bcc087df571d79187e27cadb509eb33b7ec0a863d,1965f617270211d436d82df13cbaef09e3016bb39caa5bb55c7fa9e7ac7b2105,1384.0,347.0,True,fb6ae49a6752ca0f7a3eb1ad9e54e3d369b3420d9cd3b94e5697c76178c4b173,31290,True,47c5db5abff7ce2f8d09d8d1e9235a096878c533f7812a38ff3bf1695a9f3b02,3219510,True,f9d35a4af1e0196a02b3ccd05b9a37404ba685fba78cb44e8dd01cef18407e61,1285,True,adca9d68e67a1856f81c5fa7d75ab2f8ab4a3da85ea2fdb1ed58479490b25138,244411,True,f42e5000364f328b093c5e879a20c6626228255557fad7cdbf6f79f2f59b3b44,260,True,703335da4fcda5cd6eea19495b7b473b177f0dcf2e929499ae623216d1e62a5a,3815,6,6,1.0
tdc_vdss_lombardo,C:/Users/Scott.Coffin/OneDrive - California OEHHA/R_new/AutoQSAR/benchmark_results/all_benchmarks_no_unimol_20260425_223505/tdc_vdss_lombardo,b06baf5ef2ebdd2a4c6bc76824103dfbd35be861,True,13,42,"1,2,3,4,5",predefined,d6fec356993676713dad15a80f329f23642670ee9f5fc598b8b34e0ead27b766,0b147b50b8c9ffffe271ce20d7095c73177486f61ab5e45b664f9288222647fe,904.0,226.0,True,196a3cc0e05c172ecc717a88af16670671c2db86281f379e1efe471fd7d8f8ce,67495,True,fa96825e6c14facdbaceeb7b72db743195f9a295cfebbef8221fe53a5b27fecf,2685551,True,f59a6644b7ca23ac70943a25fc132c1820d99da241d1a8db9b88d340872413bd,9475,True,7466112e517d00f86146a60668312b4ab4990196feb97dee1ae684796d008824,327936,True,de2f5aba1a2d48f703fc5b52de3f303624a7229152a804fb026fa8d2c2d75153,279,True,8399d53e9ea04e0d16892ef96d9d313e220d5a3363bbcabef870a1e2560dbf82,4545,6,6,1.0
